Credit Max,Credit Starting Balance,Address,Identification Number,Savings Account Number,Last Name,Date of Birth,Checking Account Number,First Name,Credit Account Number,Phone Number,Checking Starting Balance,Savings Starting Balance
4885,-1670.13,"1313 Disneyland Dr, Anaheim, CA 92802",8,2007,Disney,"September 19, 1996",1007,Cinderella,3007,(714) 781-4636,1715.51,2861.19
6879,-1541.41,"1313 Disneyland Dr, Anaheim, CA 92802",17,2016,Lightyear,"December 31, 1950",1016,Buzz,3016,(714) 781-4636,1933.83,2872.48
9256,-103.76,"515 W. University Ave, El Paso, TX 79968",77,2076,P,"June 18, 1950",1076,Daniel,3076,(915) 747-5038,233.12,22.41
9735,-1305.38,"523 W. University Ave, El Paso, TX 79968",85,2084,X,"December 25, 1956",1084,Daniel,3084,(915) 747-5046,333.06,3848.42
6218,-219.44,"500 W. University Ave, El Paso, TX 79968",47,2046,Meraz,"September 7, 1986",1046,Eyan,3046,(915) 747-5010,402.48,3028.97
8167,-407.28,"1313 Disneyland Dr, Anaheim, CA 92802",1,2000,Mouse,"March 27, 2007",1000,Mickey,3000,(714) 781-4636,621.89,3011.08
7505,-410.86,"1313 Disneyland Dr, Anaheim, CA 92802",20,2019,Disney,"November 4, 1974",1019,Beast,3019,(714) 781-4636,788.71,3945.54
3173,-163.56,"1313 Disneyland Dr, Anaheim, CA 92802",31,2030,Eric,"November 20, 1980",1030,Prince,3030,(714) 781-4636,259.72,4993.44
7565,-554.50,"1313 Disneyland Dr, Anaheim, CA 92802",18,2017,Aladdin,"July 31, 1939",1017,Jafar,3017,(714) 781-4636,50.32,1064.08
9105,-866.97,"500 W. University Ave, El Paso, TX 79968",49,2048,Morales,"October 8, 2003",1048,David,3048,(915) 747-5012,1727.72,2732.41
6421,-597.03,"1313 Disneyland Dr, Anaheim, CA 92802",23,2022,Lion,"September 28, 1968",1022,Scar,3022,(714) 781-4636,1330.17,3377.08
3052,-748.62,"501 W. University Ave, El Paso, TX 79968",63,2062,A,"July 18, 1973",1062,Daniel,3062,(915) 747-5024,760.74,4653.07
5878,-1488.89,"505 W. University Ave, El Paso, TX 79968",67,2066,E,"January 2, 1929",1066,Daniel,3066,(915) 747-5028,741.32,1426.62
9854,-749.28,"500 W. University Ave, El Paso, TX 79968",43,2042,Diaz,"March 13, 1939",1042,Axel,3042,(915) 747-5006,1773.01,2652.72
3061,-1580.73,"506 W. University Ave, El Paso, TX 79968",68,2067,F,"May 26, 2015",1067,Daniel,3067,(915) 747-5029,760.41,1413.21
9363,-74.00,"507 W. University Ave, El Paso, TX 79968",69,2068,G,"June 14, 1966",1068,Daniel,3068,(915) 747-5030,850.36,2893.80
4594,-1439.56,"500 W. University Ave, El Paso, TX 79968",38,2037,Arce,"November 1, 1959",1037,Alfredo,3037,(915) 747-5001,416.13,3089.24
9753,-371.93,"500 W. University Ave, El Paso, TX 79968",56,2055,Roybal,"October 2, 1983",1055,Elias,3055,(915) 747-5019,788.79,347.33
7445,-1951.27,"500 W. University Ave, El Paso, TX 79968",41,2040,Bustamante,"July 12, 1936",1040,Brandon,3040,(915) 747-5004,1102.14,3839.44
8916,-148.13,"519 W. University Ave, El Paso, TX 79968",81,2080,T,"July 13, 1989",1080,Daniel,3080,(915) 747-5042,1535.14,3477.13
7263,-1685.02,"1313 Disneyland Dr, Anaheim, CA 92802",15,2014,Pan,"September 18, 1994",1014,Peter,3014,(714) 781-4636,1080.18,514.49
9867,-1270.55,"1313 Disneyland Dr, Anaheim, CA 92802",32,2031,Disney,"February 8, 2016",1031,Quasimodo,3031,(714) 781-4636,1396.99,3765.62
3269,-1182.15,"500 W. University Ave, El Paso, TX 79968",51,2050,Padron,"January 3, 1992",1050,Cesar,3050,(915) 747-5014,29.67,3106.53
9788,-396.37,"524 W. University Ave, El Paso, TX 79968",86,2085,Y,"February 20, 2003",1085,Daniel,3085,(915) 747-5047,600.79,477.56
8758,-1378.01,"1313 Disneyland Dr, Anaheim, CA 92802",34,2033,Disney,"October 8, 1935",1033,Mulan,3033,(714) 781-4636,1129.61,4615.52
7641,-1472.94,"500 W. University Ave, El Paso, TX 79968",48,2047,Monarrez,"July 14, 1949",1047,Alonso,3047,(915) 747-5011,1812.49,4357.16
7007,-1297.60,"500 W. University Ave, El Paso, TX 79968",40,2039,Blanco,"March 2, 1970",1039,Alejandro,3039,(915) 747-5003,1467.13,2863.55
7380,-1662.36,"500 W. University Ave, El Paso, TX 79968",46,2045,Mendez,"December 30, 1945",1045,Ricardo,3045,(915) 747-5009,99.14,2940.50
7292,-370.04,"1313 Disneyland Dr, Anaheim, CA 92802",19,2018,Mermaid,"March 3, 1965",1018,Ursela,3018,(714) 781-4636,252.17,3107.33
6807,-1019.02,"500 W. University Ave, El Paso, TX 79968",42,2041,Carrasco,"February 19, 2012",1041,Abel,3041,(915) 747-5005,1192.43,3304.95
8805,-1052.87,"525 W. University Ave, El Paso, TX 79968",87,2086,Z,"October 29, 2004",1086,Daniel,3086,(915) 747-5048,1568.49,2739.43
5937,-1392.96,"500 W. University Ave, El Paso, TX 79968",44,2043,Licerio,"August 14, 1987",1043,Alan,3043,(915) 747-5007,1284.78,2006.68
3128,-1686.35,"500 W. University Ave, El Paso, TX 79968",55,2054,Reyes Jimenez,"March 2, 1957",1054,Elizabeth,3054,(915) 747-5018,1713.92,1919.35
6796,-1877.70,"508 W. University Ave, El Paso, TX 79968",70,2069,H,"October 18, 1991",1069,Daniel,3069,(915) 747-5031,831.17,768.56
8795,-998.86,"511 W. University Ave, El Paso, TX 79968",73,2072,K,"August 25, 1995",1072,Daniel,3072,(915) 747-5034,1121.87,4176.20
7136,-1893.40,"1313 Disneyland Dr, Anaheim, CA 92802",25,2024,Disney,"January 19, 2008",1024,Gaston,3024,(714) 781-4636,1430.68,2366.72
5653,-833.71,"504 W. University Ave, El Paso, TX 79968",66,2065,D,"April 11, 2016",1065,Daniel,3065,(915) 747-5027,1193.68,4844.32
4296,-50.81,"514 W. University Ave, El Paso, TX 79968",76,2075,O,"November 27, 1929",1075,Daniel,3075,(915) 747-5037,1032.21,130.06
4612,-287.28,"1313 Disneyland Dr, Anaheim, CA 92802",3,2002,Mouse,"July 17, 1960",1002,Minnie,3002,(714) 781-4636,518.14,2543.28
6372,-502.68,"1313 Disneyland Dr, Anaheim, CA 92802",36,2035,Disney,"May 4, 1993",1035,Stitch,3035,(714) 781-4636,62.08,1842.56
8141,-1855.16,"500 W. University Ave, El Paso, TX 79968",54,2053,Reyes,"July 23, 2019",1053,Hector,3053,(915) 747-5017,1172.38,3919.91
4678,-1440.72,"500 W. University Ave, El Paso, TX 79968",39,2038,Barba,"August 10, 2005",1038,Cezar,3038,(915) 747-5002,626.33,3645.27
7885,-1622.26,"1313 Disneyland Dr, Anaheim, CA 92802",22,2021,De Vil,"April 26, 1986",1021,Cruella,3021,(714) 781-4636,793.36,3073.41
9791,-1280.33,"518 W. University Ave, El Paso, TX 79968",80,2079,S,"October 12, 1935",1079,Daniel,3079,(915) 747-5041,1412.36,4978.14
4717,-1425.26,"1313 Disneyland Dr, Anaheim, CA 92802",26,2025,Khan,"January 12, 2011",1025,Shere,3025,(714) 781-4636,54.11,2795.33
8160,-1496.07,"1313 Disneyland Dr, Anaheim, CA 92802",9,2008,Disney,"March 11, 2016",1008,Ariel,3008,(714) 781-4636,1192.86,2284.40
4210,-1797.10,"500 W. University Ave, El Paso, TX 79968",52,2051,Ramirez,"May 3, 2009",1051,Alejandro,3051,(915) 747-5015,1735.01,51.74
7619,-810.15,"521 W. University Ave, El Paso, TX 79968",83,2082,V,"November 12, 1982",1082,Daniel,3082,(915) 747-5044,99.65,707.08
8406,-1012.27,"522 W. University Ave, El Paso, TX 79968",84,2083,W,"June 5, 1959",1083,Daniel,3083,(915) 747-5045,1377.56,3620.77
4908,-1806.75,"500 W. University Ave, El Paso, TX 79968",50,2049,Nevarez,"September 30, 1941",1049,Osvaldo,3049,(915) 747-5013,48.18,778.88
4989,-688.18,"1313 Disneyland Dr, Anaheim, CA 92802",14,2013,Disney,"December 1, 1966",1013,Aurora,3013,(714) 781-4636,1277.92,3065.48
3459,-757.13,"516 W. University Ave, El Paso, TX 79968",78,2077,Q,"January 22, 1950",1077,Daniel,3077,(915) 747-5039,276.80,1478.50
9409,-320.54,"1313 Disneyland Dr, Anaheim, CA 92802",24,2023,King,"February 14, 1939",1023,Simba,3023,(714) 781-4636,1007.19,957.69
6569,-1857.65,"500 W. University Ave, El Paso, TX 79968",53,2052,Renteria,"April 16, 1997",1052,Luis,3052,(915) 747-5016,458.54,495.76
5073,-219.25,"1313 Disneyland Dr, Anaheim, CA 92802",2,2001,Duck,"May 13, 2001",1001,Donald,3001,(714) 781-4636,667.65,1265.10
3772,-1765.81,"1313 Disneyland Dr, Anaheim, CA 92802",21,2020,Disney,"October 31, 1973",1020,Belle,3020,(714) 781-4636,1696.30,683.44
4897,-736.90,"1313 Disneyland Dr, Anaheim, CA 92802",30,2029,Disney,"February 19, 2002",1029,Pinocchio,3029,(714) 781-4636,901.28,3831.75
4673,-1304.31,"1313 Disneyland Dr, Anaheim, CA 92802",10,2009,Disney,"November 29, 1996",1009,Jasmine,3009,(714) 781-4636,1102.88,102.60
9957,-1972.38,"503 W. University Ave, El Paso, TX 79968",65,2064,C,"October 12, 1999",1064,Daniel,3064,(915) 747-5026,344.89,584.28
6700,-1152.84,"500 W. University Ave, El Paso, TX 79968",58,2057,Vanarsdall,"June 15, 1958",1057,Jeffrey,3057,(915) 747-5021,1057.39,1759.60
5753,-1016.23,"513 W. University Ave, El Paso, TX 79968",75,2074,N,"July 29, 1960",1074,Daniel,3074,(915) 747-5036,1230.07,1137.35
9708,-1752.06,"1313 Disneyland Dr, Anaheim, CA 92802",27,2026,Hook,"July 15, 1987",1026,Captaiin,3026,(714) 781-4636,887.81,2756.31
7774,-936.94,"510 W. University Ave, El Paso, TX 79968",72,2071,J,"February 11, 1966",1071,Daniel,3071,(915) 747-5033,642.54,1429.77
6268,-515.07,"1313 Disneyland Dr, Anaheim, CA 92802",33,2032,Disney,"August 19, 2016",1032,Hercules,3032,(714) 781-4636,407.21,1590.46
5368,-46.00,"517 W. University Ave, El Paso, TX 79968",79,2078,R,"May 31, 2012",1078,Daniel,3078,(915) 747-5040,1917.29,1302.35
4025,-943.63,"1313 Disneyland Dr, Anaheim, CA 92802",12,2011,Disney,"January 9, 2008",1011,Simba,3011,(714) 781-4636,942.21,2368.43
3271,-1759.60,"500 W. University Ave, El Paso, TX 79968",59,2058,Viezcas,"December 15, 1978",1058,German,3058,(915) 747-5022,276.07,1336.02
8534,-926.26,"500 W. University Ave, El Paso, TX 79968",62,2061,Mejia,"May 24, 1938",1061,Daniel,3061,(915) 747-5023,1242.85,3591.00
6609,-1056.30,"1313 Disneyland Dr, Anaheim, CA 92802",4,2003,Disney,"September 7, 1998",1003,Goofy,3003,(714) 781-4636,1425.22,2222.99
3175,-333.23,"500 W. University Ave, El Paso, TX 79968",37,2036,Acosta,"September 11, 1943",1036,Bryan,3036,(915) 747-5000,769.94,4753.30
9762,-1153.86,"1313 Disneyland Dr, Anaheim, CA 92802",13,2012,Disney,"July 20, 1988",1012,Mufassa,3012,(714) 781-4636,95.26,3580.99
8650,-1873.32,"1313 Disneyland Dr, Anaheim, CA 92802",11,2010,Disney,"September 9, 1947",1010,Aladdin,3010,(714) 781-4636,280.51,831.85
9220,-1176.45,"512 W. University Ave, El Paso, TX 79968",74,2073,L,"May 13, 1983",1073,Daniel,3073,(915) 747-5035,157.21,4728.23
4452,-1360.49,"509 W. University Ave, El Paso, TX 79968",71,2070,I,"March 4, 1948",1070,Daniel,3070,(915) 747-5032,821.55,3314.18
9894,-670.79,"502 W. University Ave, El Paso, TX 79968",64,2063,B,"October 19, 2018",1063,Daniel,3063,(915) 747-5025,815.65,3618.81
3636,-603.19,"1313 Disneyland Dr, Anaheim, CA 92802",35,2034,Disney,"January 3, 1946",1034,Lilo,3034,(714) 781-4636,1931.67,3864.91
7205,-1480.83,"1313 Disneyland Dr, Anaheim, CA 92802",28,2027,Disney,"May 9, 2014",1027,Kaa,3027,(714) 781-4636,489.91,805.99
9753,-1401.29,"520 W. University Ave, El Paso, TX 79968",82,2081,U,"February 21, 1984",1081,Daniel,3081,(915) 747-5043,1539.59,397.14
9289,-384.94,"1313 Disneyland Dr, Anaheim, CA 92802",16,2015,Disney,"March 20, 1998",1015,Woody,3015,(714) 781-4636,752.50,2054.97
7776,-1008.17,"1313 Disneyland Dr, Anaheim, CA 92802",5,2004,Disney,"March 24, 1979",1004,Pluto,3004,(714) 781-4636,1937.14,3807.05
3316,-1950.01,"1313 Disneyland Dr, Anaheim, CA 92802",7,2006,Disney,"December 15, 1950",1006,Dale,3006,(714) 781-4636,1331.26,4436.83
9531,-646.50,"1313 Disneyland Dr, Anaheim, CA 92802",29,2028,Queen,"June 19, 1946",1028,Evil,3028,(714) 781-4636,118.73,1008.94
6230,-544.69,"1313 Disneyland Dr, Anaheim, CA 92802",6,2005,Disney,"January 30, 1949",1005,Chip,3005,(714) 781-4636,1748.77,2416.18
6354,-763.53,"500 W. University Ave, El Paso, TX 79968",45,2044,Martinez,"May 28, 1985",1044,Lorenzo,3044,(915) 747-5008,910.22,3272.43
7368,-1016.72,"500 W. University Ave, El Paso, TX 79968",57,2056,Trejo,"August 27, 1993",1056,Ruth,3056,(915) 747-5020,749.23,1559.73